{
	"credit": "Made with Blockbench",
	"texture_size": [64, 64],
	"textures": {
		"0": "item/example_sword",
		"particle": "item/example_sword"
	},
	"elements": [
		{
			"from": [5.245, -4, 7.3825],
			"to": [5.72, 16, 7.6675],
			"rotation": {"angle": 0, "axis": "y", "origin": [8.095, 8.3436, 7.525]},
			"faces": {
				"north": {"uv": [0.5, 2.5, 0.625, 7.5], "texture": "#0"},
				"east": {"uv": [0.75, 2.5, 0.875, 7.5], "texture": "#0"},
				"south": {"uv": [3, 1.75, 3.125, 6.75], "texture": "#0"},
				"west": {"uv": [3.25, 0, 3.375, 5], "texture": "#0"},
				"up": {"uv": [2.625, 1.875, 2.5, 1.75], "texture": "#0"},
				"down": {"uv": [2.875, 0.25, 2.75, 0.375], "texture": "#0"}
			}
		},
		{
			"from": [2.53197, 14.32654, 7.3825],
			"to": [2.95947, 21.02404, 7.6675],
			"rotation": {"angle": -22.5, "axis": "z", "origin": [8.095, 8.3436, 7.525]},
			"faces": {
				"north": {"uv": [1.5, 4.5, 1.625, 6.25], "texture": "#0"},
				"east": {"uv": [1.5, 6.25, 1.5625, 8], "texture": "#0"},
				"south": {"uv": [1.75, 4.5, 1.875, 6.25], "texture": "#0"},
				"west": {"uv": [1.75, 6.25, 1.8125, 8], "texture": "#0"},
				"up": {"uv": [0.125, 0.0625, 0, 0], "texture": "#0"},
				"down": {"uv": [0.125, 0.25, 0, 0.3125], "texture": "#0"}
			}
		},
		{
			"from": [2.53197, 21.02404, 7.3825],
			"to": [2.72197, 21.30904, 7.6675],
			"rotation": {"angle": -22.5, "axis": "z", "origin": [8.095, 8.3436, 7.525]},
			"faces": {
				"north": {"uv": [5, 3.25, 5.0625, 3.3125], "texture": "#0"},
				"east": {"uv": [3, 1.25, 3.125, 1.3125], "texture": "#0"},
				"south": {"uv": [5.25, 2.5, 5.3125, 2.5625], "texture": "#0"},
				"west": {"uv": [4.75, 1.5, 4.875, 1.5625], "texture": "#0"},
				"up": {"uv": [4.8125, 1.875, 4.75, 1.75], "texture": "#0"},
				"down": {"uv": [5.0625, 3, 5, 3.125], "texture": "#0"}
			}
		},
		{
			"from": [13.04053, 14.32654, 7.3825],
			"to": [13.46803, 21.02404, 7.6675],
			"rotation": {"angle": 22.5, "axis": "z", "origin": [7.905, 8.3436, 7.525]},
			"faces": {
				"north": {"uv": [4.5, 5, 4.625, 6.75], "texture": "#0"},
				"east": {"uv": [4.75, 5, 4.875, 6.75], "texture": "#0"},
				"south": {"uv": [5, 5, 5.125, 6.75], "texture": "#0"},
				"west": {"uv": [5.25, 5, 5.375, 6.75], "texture": "#0"},
				"up": {"uv": [3.125, 0.875, 3, 0.75], "texture": "#0"},
				"down": {"uv": [3.125, 1, 3, 1.125], "texture": "#0"}
			}
		},
		{
			"from": [13.23053, 21.02404, 7.3825],
			"to": [13.46803, 21.30904, 7.6675],
			"rotation": {"angle": 22.5, "axis": "z", "origin": [7.905, 8.3436, 7.525]},
			"faces": {
				"north": {"uv": [5.5, 0.25, 5.5625, 0.3125], "texture": "#0"},
				"east": {"uv": [5.25, 2.75, 5.375, 2.8125], "texture": "#0"},
				"south": {"uv": [5.5, 0.5, 5.5625, 0.5625], "texture": "#0"},
				"west": {"uv": [5.25, 3, 5.375, 3.0625], "texture": "#0"},
				"up": {"uv": [5.3125, 3.375, 5.25, 3.25], "texture": "#0"},
				"down": {"uv": [5.5625, 0, 5.5, 0.125], "texture": "#0"}
			}
		},
		{
			"from": [10.28, -4.0475, 7.3825],
			"to": [10.755, 16, 7.6675],
			"rotation": {"angle": 0, "axis": "y", "origin": [7.905, 8.3436, 7.525]},
			"faces": {
				"north": {"uv": [3.5, 0, 3.625, 5], "texture": "#0"},
				"east": {"uv": [3.75, 0, 3.875, 5], "texture": "#0"},
				"south": {"uv": [4, 0, 4.125, 5], "texture": "#0"},
				"west": {"uv": [4.25, 0, 4.375, 5], "texture": "#0"},
				"up": {"uv": [2.875, 1.875, 2.75, 1.75], "texture": "#0"},
				"down": {"uv": [3.125, 0, 3, 0.125], "texture": "#0"}
			}
		},
		{
			"from": [7.6, -4.05, 7.25],
			"to": [8.4, 16, 7.75],
			"rotation": {"angle": 0, "axis": "y", "origin": [5.3, 7.94063, 7.5]},
			"faces": {
				"north": {"uv": [2, 2, 2.125, 7], "texture": "#0"},
				"east": {"uv": [0, 2.25, 0.125, 7.25], "texture": "#0"},
				"south": {"uv": [0.25, 2.25, 0.375, 7.25], "texture": "#0"},
				"west": {"uv": [2.25, 2, 2.375, 7], "texture": "#0"},
				"up": {"uv": [2.375, 0.875, 2.25, 0.75], "texture": "#0"},
				"down": {"uv": [2.375, 1.25, 2.25, 1.375], "texture": "#0"}
			}
		},
		{
			"from": [9.75, -5, 7.25],
			"to": [12.25, -4.05, 7.75],
			"rotation": {"angle": 0, "axis": "y", "origin": [7.9, 7.94063, 7.5]},
			"faces": {
				"north": {"uv": [1.75, 1.5, 2.375, 1.75], "texture": "#0"},
				"east": {"uv": [2, 0.5, 2.125, 0.75], "texture": "#0"},
				"south": {"uv": [1.75, 1.75, 2.375, 2], "texture": "#0"},
				"west": {"uv": [0.75, 2, 0.875, 2.25], "texture": "#0"},
				"up": {"uv": [0.625, 2.125, 0, 2], "texture": "#0"},
				"down": {"uv": [2.625, 0.25, 2, 0.375], "texture": "#0"}
			}
		},
		{
			"from": [3.75, -5, 7.25],
			"to": [6.25, -4, 7.75],
			"rotation": {"angle": 0, "axis": "y", "origin": [3.9, 7.94063, 7.5]},
			"faces": {
				"north": {"uv": [2.25, 0, 2.875, 0.25], "texture": "#0"},
				"east": {"uv": [0.5, 2.25, 0.625, 2.5], "texture": "#0"},
				"south": {"uv": [2.25, 0.5, 2.875, 0.75], "texture": "#0"},
				"west": {"uv": [0.75, 2.25, 0.875, 2.5], "texture": "#0"},
				"up": {"uv": [2.875, 1.125, 2.25, 1], "texture": "#0"},
				"down": {"uv": [3.125, 1.5, 2.5, 1.625], "texture": "#0"}
			}
		},
		{
			"from": [5, -5.8, 7],
			"to": [8, -5, 8],
			"rotation": {"angle": 0, "axis": "y", "origin": [5.65, 6.94063, 7.5]},
			"faces": {
				"north": {"uv": [1.5, 1, 2.25, 1.1875], "texture": "#0"},
				"east": {"uv": [0, 1.75, 0.25, 1.9375], "texture": "#0"},
				"south": {"uv": [1, 1.75, 1.75, 1.9375], "texture": "#0"},
				"west": {"uv": [1.75, 1.25, 2, 1.4375], "texture": "#0"},
				"up": {"uv": [2.25, 0.25, 1.5, 0], "texture": "#0"},
				"down": {"uv": [1.75, 1.5, 1, 1.75], "texture": "#0"}
			}
		},
		{
			"from": [7, -1.45, 7],
			"to": [7.6, 16, 8],
			"rotation": {"angle": 0, "axis": "y", "origin": [5.65, 11.29063, 7.5]},
			"faces": {
				"north": {"uv": [7, 5, 7.1875, 9.375], "texture": "#0"},
				"east": {"uv": [2.25, 7, 2.5, 11.375], "texture": "#0"},
				"south": {"uv": [6, 7, 6.1875, 11.375], "texture": "#0"},
				"west": {"uv": [3.75, 7, 4, 11.375], "texture": "#0"},
				"up": {"uv": [2.6875, 3.75, 2.5, 3.5], "texture": "#0"},
				"down": {"uv": [2.9375, 3.5, 2.75, 3.75], "texture": "#0"}
			}
		},
		{
			"from": [7, -5, 7],
			"to": [7.6, -1.45, 8],
			"rotation": {"angle": 0, "axis": "y", "origin": [5.65, 7.79063, 7.5]},
			"faces": {
				"north": {"uv": [3.25, 6.5, 3.4375, 7.375], "texture": "#0"},
				"east": {"uv": [5.75, 2.75, 6, 3.625], "texture": "#0"},
				"south": {"uv": [5.5, 6.5, 5.6875, 7.375], "texture": "#0"},
				"west": {"uv": [3.75, 6, 4, 6.875], "texture": "#0"},
				"up": {"uv": [2.6875, 1, 2.5, 0.75], "texture": "#0"},
				"down": {"uv": [1.1875, 2.5, 1, 2.75], "texture": "#0"}
			}
		},
		{
			"from": [8.4, -5, 7],
			"to": [9, -1.45, 8],
			"rotation": {"angle": 0, "axis": "y", "origin": [6.95, 7.79063, 7.5]},
			"faces": {
				"north": {"uv": [1, 3, 1.1875, 3.875], "texture": "#0"},
				"east": {"uv": [1.5, 2.75, 1.75, 3.625], "texture": "#0"},
				"south": {"uv": [1.25, 3, 1.4375, 3.875], "texture": "#0"},
				"west": {"uv": [1.75, 2.75, 2, 3.625], "texture": "#0"},
				"up": {"uv": [2.6875, 3.25, 2.5, 3], "texture": "#0"},
				"down": {"uv": [2.9375, 3, 2.75, 3.25], "texture": "#0"}
			}
		},
		{
			"from": [7.6, -5, 7],
			"to": [8.4, -4.05, 8],
			"rotation": {"angle": 0, "axis": "y", "origin": [6.35, 7.79063, 7.5]},
			"faces": {
				"north": {"uv": [2.75, 0.75, 2.875, 1], "texture": "#0"},
				"east": {"uv": [1.5, 2.5, 1.75, 2.75], "texture": "#0"},
				"south": {"uv": [1, 2.75, 1.125, 3], "texture": "#0"},
				"west": {"uv": [1.75, 2.5, 2, 2.75], "texture": "#0"},
				"up": {"uv": [1.375, 3, 1.25, 2.75], "texture": "#0"},
				"down": {"uv": [2.875, 1.25, 2.75, 1.5], "texture": "#0"}
			}
		},
		{
			"from": [8.4, -1.45, 7],
			"to": [9, 16, 8],
			"rotation": {"angle": 0, "axis": "y", "origin": [6.95, 11.29063, 7.5]},
			"faces": {
				"north": {"uv": [5.25, 6.75, 5.4375, 11.125], "texture": "#0"},
				"east": {"uv": [4.75, 6.75, 5, 11.125], "texture": "#0"},
				"south": {"uv": [2, 7, 2.1875, 11.375], "texture": "#0"},
				"west": {"uv": [5, 6.75, 5.25, 11.125], "texture": "#0"},
				"up": {"uv": [2.6875, 3.5, 2.5, 3.25], "texture": "#0"},
				"down": {"uv": [2.9375, 3.25, 2.75, 3.5], "texture": "#0"}
			}
		},
		{
			"from": [8, -5.8, 7],
			"to": [11, -5, 8],
			"rotation": {"angle": 0, "axis": "y", "origin": [8.65, 6.94063, 7.5]},
			"faces": {
				"north": {"uv": [1.25, 0.75, 2, 0.9375], "texture": "#0"},
				"east": {"uv": [1.25, 1, 1.5, 1.1875], "texture": "#0"},
				"south": {"uv": [1, 1.25, 1.75, 1.4375], "texture": "#0"},
				"west": {"uv": [0, 1.5, 0.25, 1.6875], "texture": "#0"},
				"up": {"uv": [2, 0.5, 1.25, 0.25], "texture": "#0"},
				"down": {"uv": [2, 0.5, 1.25, 0.75], "texture": "#0"}
			}
		},
		{
			"from": [2.75, -6.75, 7.1],
			"to": [3.75, -3.25, 7.9],
			"rotation": {"angle": 0, "axis": "y", "origin": [0.65, 8.44063, 7.5]},
			"faces": {
				"north": {"uv": [0.25, 1, 0.5, 1.875], "texture": "#0"},
				"east": {"uv": [0.5, 1, 0.6875, 1.875], "texture": "#0"},
				"south": {"uv": [1, 0.25, 1.25, 1.125], "texture": "#0"},
				"west": {"uv": [0.75, 1, 0.9375, 1.875], "texture": "#0"},
				"up": {"uv": [0.25, 1.4375, 0, 1.25], "texture": "#0"},
				"down": {"uv": [1.5, 0, 1.25, 0.1875], "texture": "#0"}
			}
		},
		{
			"from": [12.25, -6.75, 7.1],
			"to": [13.25, -3.25, 7.9],
			"rotation": {"angle": 0, "axis": "y", "origin": [10.15, 8.44063, 7.5]},
			"faces": {
				"north": {"uv": [4.5, 3.5, 4.75, 4.375], "texture": "#0"},
				"east": {"uv": [4.75, 3.5, 4.9375, 4.375], "texture": "#0"},
				"south": {"uv": [4.75, 2, 5, 2.875], "texture": "#0"},
				"west": {"uv": [5, 2, 5.1875, 2.875], "texture": "#0"},
				"up": {"uv": [0.25, 0.6875, 0, 0.5], "texture": "#0"},
				"down": {"uv": [0.25, 0.75, 0, 0.9375], "texture": "#0"}
			}
		},
		{
			"from": [6.25, -1.5, 7.16],
			"to": [7, 16.05, 7.85],
			"rotation": {"angle": 0, "axis": "y", "origin": [8, 13.2234, 7.53]},
			"faces": {
				"north": {"uv": [6.75, 7, 6.9375, 11.375], "texture": "#0"},
				"east": {"uv": [6.25, 7, 6.5, 11.375], "texture": "#0"},
				"south": {"uv": [0, 7.25, 0.1875, 11.625], "texture": "#0"},
				"west": {"uv": [6.5, 7, 6.75, 11.375], "texture": "#0"},
				"up": {"uv": [1.6875, 4, 1.5, 3.75], "texture": "#0"},
				"down": {"uv": [1.9375, 3.75, 1.75, 4], "texture": "#0"}
			}
		},
		{
			"from": [9, -5, 7.16],
			"to": [9.75, -1.45, 7.85],
			"rotation": {"angle": 0, "axis": "y", "origin": [9, 13.2234, 7.53]},
			"faces": {
				"north": {"uv": [3.5, 6.75, 3.6875, 7.625], "texture": "#0"},
				"east": {"uv": [5.75, 6.5, 6, 7.375], "texture": "#0"},
				"south": {"uv": [4.5, 6.75, 4.6875, 7.625], "texture": "#0"},
				"west": {"uv": [3, 6.75, 3.25, 7.625], "texture": "#0"},
				"up": {"uv": [1.4375, 2.75, 1.25, 2.5], "texture": "#0"},
				"down": {"uv": [2.6875, 1.25, 2.5, 1.5], "texture": "#0"}
			}
		},
		{
			"from": [6.25, -5, 7.16],
			"to": [7, -1.45, 7.85],
			"rotation": {"angle": 0, "axis": "y", "origin": [6.25, 13.2234, 7.53]},
			"faces": {
				"north": {"uv": [3.75, 5, 3.9375, 5.875], "texture": "#0"},
				"east": {"uv": [2.5, 2, 2.75, 2.875], "texture": "#0"},
				"south": {"uv": [5.5, 3.5, 5.6875, 4.375], "texture": "#0"},
				"west": {"uv": [2.75, 2, 3, 2.875], "texture": "#0"},
				"up": {"uv": [2.1875, 1, 2, 0.75], "texture": "#0"},
				"down": {"uv": [2.1875, 1.25, 2, 1.5], "texture": "#0"}
			}
		},
		{
			"from": [9, -1.5, 7.16],
			"to": [9.75, 16.05, 7.85],
			"rotation": {"angle": 0, "axis": "y", "origin": [10, 13.2234, 7.53]},
			"faces": {
				"north": {"uv": [1, 4, 1.1875, 8.375], "texture": "#0"},
				"east": {"uv": [2.5, 3.75, 2.75, 8.125], "texture": "#0"},
				"south": {"uv": [1.25, 4, 1.4375, 8.375], "texture": "#0"},
				"west": {"uv": [2.75, 3.75, 3, 8.125], "texture": "#0"},
				"up": {"uv": [1.1875, 2.25, 1, 2], "texture": "#0"},
				"down": {"uv": [1.4375, 2, 1.25, 2.25], "texture": "#0"}
			}
		},
		{
			"from": [6.25, 16, 7.16],
			"to": [9.75, 20.05, 7.85],
			"rotation": {"angle": 0, "axis": "y", "origin": [8, 22.2234, 7.53]},
			"faces": {
				"north": {"uv": [6, 5, 6.875, 6], "texture": "#0"},
				"east": {"uv": [5.5, 0.75, 5.75, 1.75], "texture": "#0"},
				"south": {"uv": [6, 6, 6.875, 7], "texture": "#0"},
				"west": {"uv": [5.5, 2.5, 5.75, 3.5], "texture": "#0"},
				"up": {"uv": [7.125, 0.25, 6.25, 0], "texture": "#0"},
				"down": {"uv": [7.125, 0.25, 6.25, 0.5], "texture": "#0"}
			}
		},
		{
			"from": [10.46063, 15.15996, 7.16],
			"to": [10.70163, 19.50796, 7.85],
			"rotation": {"angle": 22.5, "axis": "z", "origin": [8, 13.22339, 7.53]},
			"faces": {
				"north": {"uv": [6, 2.5, 6.0625, 3.625], "texture": "#0"},
				"east": {"uv": [6, 0, 6.25, 1.125], "texture": "#0"},
				"south": {"uv": [6, 3.75, 6.0625, 4.875], "texture": "#0"},
				"west": {"uv": [6, 1.25, 6.25, 2.375], "texture": "#0"},
				"up": {"uv": [5.8125, 4.25, 5.75, 4], "texture": "#0"},
				"down": {"uv": [5.8125, 4.25, 5.75, 4.5], "texture": "#0"}
			}
		},
		{
			"from": [5.29837, 15.15996, 7.16],
			"to": [5.53937, 19.50796, 7.85],
			"rotation": {"angle": -22.5, "axis": "z", "origin": [8, 13.22339, 7.53]},
			"faces": {
				"north": {"uv": [5.75, 1.25, 5.8125, 2.375], "texture": "#0"},
				"east": {"uv": [5.5, 5.25, 5.75, 6.375], "texture": "#0"},
				"south": {"uv": [5.75, 5.25, 5.8125, 6.375], "texture": "#0"},
				"west": {"uv": [5.75, 0, 6, 1.125], "texture": "#0"},
				"up": {"uv": [5.8125, 2.75, 5.75, 2.5], "texture": "#0"},
				"down": {"uv": [5.8125, 3.75, 5.75, 4], "texture": "#0"}
			}
		},
		{
			"from": [6, -13.75, 6.7],
			"to": [10, -12.15, 8.3],
			"rotation": {"angle": 0, "axis": "y", "origin": [8, -12.95, 7.5]},
			"faces": {
				"north": {"uv": [6.25, 0.5, 7.25, 0.875], "texture": "#0"},
				"east": {"uv": [1.5, 2, 1.875, 2.375], "texture": "#0"},
				"south": {"uv": [6.25, 1, 7.25, 1.375], "texture": "#0"},
				"west": {"uv": [1.5, 4, 1.875, 4.375], "texture": "#0"},
				"up": {"uv": [7.25, 1.875, 6.25, 1.5], "texture": "#0"},
				"down": {"uv": [7.25, 2, 6.25, 2.375], "texture": "#0"}
			}
		},
		{
			"from": [7, -12.2, 7],
			"to": [9, -5.8, 8],
			"rotation": {"angle": 0, "axis": "y", "origin": [7, -11.2, 7]},
			"faces": {
				"north": {"uv": [4.5, 0, 5, 1.375], "texture": "#0"},
				"east": {"uv": [4.5, 1.5, 4.75, 2.875], "texture": "#0"},
				"south": {"uv": [5, 0.5, 5.5, 1.875], "texture": "#0"},
				"west": {"uv": [3.25, 5, 3.5, 6.375], "texture": "#0"},
				"up": {"uv": [5, 3.25, 4.5, 3], "texture": "#0"},
				"down": {"uv": [5, 3.25, 4.5, 3.5], "texture": "#0"}
			}
		}
	],
	"gui_light": "front",
	"display": {
		"thirdperson_righthand": {
			"rotation": [0, 90, 0],
			"translation": [0, 15.75, 1.5],
			"scale": [0.9, 1, 1]
		},
		"thirdperson_lefthand": {
			"rotation": [0, 90, 0],
			"translation": [0, 15.75, 1.5],
			"scale": [0.9, 1, 1]
		},
		"firstperson_righthand": {
			"rotation": [0, 100, 0],
			"translation": [0, 9, 0],
			"scale": [0.6, 0.65, 0.65]
		},
		"firstperson_lefthand": {
			"rotation": [0, 100, 0],
			"translation": [0, 9, 0],
			"scale": [0.6, 0.65, 0.65]
		},
		"ground": {
			"rotation": [0, 0, 45],
			"translation": [0, 4, 0],
			"scale": [0.45, 0.5, 0.5]
		},
		"gui": {
			"rotation": [0, 0, -45],
			"translation": [1.75, 1.5, 0],
			"scale": [0.5, 0.6, 0.6]
		},
		"head": {
			"rotation": [0, 0, 90],
			"translation": [-1.75, 2, 0],
			"scale": [0.8, 1, 1]
		},
		"fixed": {
			"rotation": [0, 0, 45],
			"translation": [-2, 1.75, 0],
			"scale": [0.6, 0.65, 0.65]
		}
	},
	"groups": [
		{
			"name": "blaze_sword",
			"origin": [8, 8, 8],
			"color": 0,
			"children": [
				{
					"name": "bou",
					"origin": [8, 15, 2],
					"color": 0,
					"children": [0, 1, 2, 3, 4, 5, 6, 7, 8, 9, 10, 11, 12, 13, 14, 15, 16, 17]
				},
				{
					"name": "hontai",
					"origin": [8.7, 28, 6.85],
					"color": 0,
					"children": [18, 19, 20, 21, 22, 23, 24]
				},
				{
					"name": "nokori",
					"origin": [7, -5.15, 6.7],
					"color": 0,
					"children": [25, 26]
				}
			]
		}
	]
}